category,start page,last page,full_name - you must delete this column before uploading!!!
http://www.petsmart.com/bird/live-birds/cat-36-catid-400004,1,1,Home  /  Bird  /  Featured Shops  /  Live Birds
http://www.petsmart.com/bird/food/cat-36-catid-400005,1,5,Home  /  Bird  /  Food & Care  /  Food
http://www.petsmart.com/bird/bath-sprays/cat-36-catid-400021,1,1,Home  /  Bird  /  Food & Care  /  Grooming  /  Bath Sprays
http://www.petsmart.com/bird/beak-buffers-trimmers/cat-36-catid-400023,1,1,Home  /  Bird  /  Food & Care  /  Grooming  /  Beak Buffers & Trimmers
http://www.petsmart.com/bird/bird-baths/cat-36-catid-400020,1,1,Home  /  Bird  /  Food & Care  /  Grooming  /  Bird Baths
http://www.petsmart.com/bird/nail-trimmers/cat-36-catid-400022,1,1,Home  /  Bird  /  Food & Care  /  Grooming  /  Nail Trimmers
http://www.petsmart.com/bird/first-aid/cat-36-catid-400024,1,1,Home  /  Bird  /  Food & Care  /  Health Care  /  First Aid
http://www.petsmart.com/bird/lice-mite-prevention/cat-36-catid-400026,1,1,Home  /  Bird  /  Food & Care  /  Health Care  /  Lice & Mite Prevention
http://www.petsmart.com/bird/skin-plumage-care/cat-36-catid-400027,1,1,Home  /  Bird  /  Food & Care  /  Health Care  /  Skin & Plumage Care
http://www.petsmart.com/bird/vitamins-supplements/cat-36-catid-400025,1,1,Home  /  Bird  /  Food & Care  /  Health Care  /  Vitamins & Supplements
http://www.petsmart.com/bird/treat-holders/cat-36-catid-400057,1,1,Home  /  Bird  /  Food & Care  /  Treats & Treat Holders  /  Treat Holders
http://www.petsmart.com/bird/treats/cat-36-catid-400056,1,3,Home  /  Bird  /  Food & Care  /  Treats & Treat Holders  /  Treats
http://www.petsmart.com/bird/cups/cat-36-catid-400049,1,1,Home  /  Bird  /  Supplies  /  Bowls & Feeders  /  Cups
http://www.petsmart.com/bird/feeders/cat-36-catid-400047,1,1,Home  /  Bird  /  Supplies  /  Bowls & Feeders  /  Feeders
http://www.petsmart.com/bird/water-bottles/cat-36-catid-400048,1,1,Home  /  Bird  /  Supplies  /  Bowls & Feeders  /  Water Bottles
http://www.petsmart.com/bird/cage-covers/cat-36-catid-400032,1,1,Home  /  Bird  /  Supplies  /  Cages & Stands  /  Cage Covers
http://www.petsmart.com/bird/cages/cat-36-catid-400029,1,4,Home  /  Bird  /  Supplies  /  Cages & Stands  /  Cages
http://www.petsmart.com/bird/stands/cat-36-catid-400030,1,1,Home  /  Bird  /  Supplies  /  Cages & Stands  /  Stands
http://www.petsmart.com/bird/travel-carriers/cat-36-catid-400031,1,1,Home  /  Bird  /  Supplies  /  Cages & Stands  /  Travel Carriers
http://www.petsmart.com/bird/coops-outdoor-habitats/cat-36-catid-400011,1,1,Home  /  Bird  /  Supplies  /  Coops & Outdoor Habitats
http://www.petsmart.com/bird/bedding/cat-36-catid-400039,1,1,Home  /  Bird  /  Supplies  /  Litter & Bedding  /  Bedding
http://www.petsmart.com/bird/cage-liners/cat-36-catid-400100,1,1,Home  /  Bird  /  Supplies  /  Litter & Bedding  /  Cage Liners
http://www.petsmart.com/bird/litter/cat-36-catid-400040,1,1,Home  /  Bird  /  Supplies  /  Litter & Bedding  /  Litter
http://www.petsmart.com/bird/brushes-scrubbers/cat-36-catid-400045,1,1,Home  /  Bird  /  Supplies  /  Stain & Odor Removers  /  Brushes & Scrubbers
http://www.petsmart.com/bird/cage-liners/cat-36-catid-400046,1,1,Home  /  Bird  /  Supplies  /  Stain & Odor Removers  /  Cage Liners
http://www.petsmart.com/bird/deodorizers/cat-36-catid-400043,1,1,Home  /  Bird  /  Supplies  /  Stain & Odor Removers  /  Deodorizers
http://www.petsmart.com/bird/seed-guards/cat-36-catid-400041,1,1,Home  /  Bird  /  Supplies  /  Stain & Odor Removers  /  Seed Guards
http://www.petsmart.com/bird/waste-disposal/cat-36-catid-400044,1,1,Home  /  Bird  /  Supplies  /  Stain & Odor Removers  /  Waste Disposal
http://www.petsmart.com/bird/ladders/cat-36-catid-400033,1,1,"Home  /  Bird  /  Supplies  /  Toys, Perches & Decor  /  Ladders"
http://www.petsmart.com/bird/mirrors/cat-36-catid-400034,1,1,"Home  /  Bird  /  Supplies  /  Toys, Perches & Decor  /  Mirrors"
http://www.petsmart.com/bird/nesting/cat-36-catid-400035,1,1,"Home  /  Bird  /  Supplies  /  Toys, Perches & Decor  /  Nesting"
http://www.petsmart.com/bird/perches/cat-36-catid-400036,1,2,"Home  /  Bird  /  Supplies  /  Toys, Perches & Decor  /  Perches"
http://www.petsmart.com/bird/swings/cat-36-catid-400037,1,1,"Home  /  Bird  /  Supplies  /  Toys, Perches & Decor  /  Swings"
http://www.petsmart.com/bird/toys/cat-36-catid-400038,1,5,"Home  /  Bird  /  Supplies  /  Toys, Perches & Decor  /  Toys"
http://www.petsmart.com/bird/feeders/cat-36-catid-400050,1,1,Home  /  Bird  /  Supplies  /  Wild Birds  /  Feeders
http://www.petsmart.com/bird/food/cat-36-catid-400051,1,2,Home  /  Bird  /  Supplies  /  Wild Birds  /  Food
http://www.petsmart.com/cat/clothing-accessories/cat-36-catid-200108,1,1,Home  /  Cat  /  Featured Shops  /  Gifts for Cat Lovers  /  Clothing & Accessories
http://www.petsmart.com/cat/housewares/cat-36-catid-200109,1,1,Home  /  Cat  /  Featured Shops  /  Gifts for Cat Lovers  /  Housewares
http://www.petsmart.com/cat/breath-fresheners/cat-36-catid-200033,1,1,Home  /  Cat  /  Food & Health  /  Dental Care  /  Breath Fresheners
http://www.petsmart.com/cat/dental-sprays-rinses/cat-36-catid-200035,1,1,Home  /  Cat  /  Food & Health  /  Dental Care  /  Dental Sprays & Rinses
http://www.petsmart.com/cat/dental-treats/cat-36-catid-200032,1,1,Home  /  Cat  /  Food & Health  /  Dental Care  /  Dental Treats
http://www.petsmart.com/cat/toothbrushes-toothpaste/cat-36-catid-200034,1,1,Home  /  Cat  /  Food & Health  /  Dental Care  /  Toothbrushes & Toothpaste
http://www.petsmart.com/cat/collars/cat-36-catid-200036,1,1,Home  /  Cat  /  Food & Health  /  Flea & Tick  /  Collars
http://www.petsmart.com/cat/combs-tools/cat-36-catid-200037,1,1,Home  /  Cat  /  Food & Health  /  Flea & Tick  /  Combs & Tools
http://www.petsmart.com/cat/home-yard-treatment/cat-36-catid-200041,1,1,Home  /  Cat  /  Food & Health  /  Flea & Tick  /  Home & Yard Treatment
http://www.petsmart.com/cat/pet-sprays/cat-36-catid-200039,1,1,Home  /  Cat  /  Food & Health  /  Flea & Tick  /  Pet Sprays
http://www.petsmart.com/cat/pills/cat-36-catid-200024,1,1,Home  /  Cat  /  Food & Health  /  Flea & Tick  /  Pills
http://www.petsmart.com/cat/shampoos-dips/cat-36-catid-200040,1,1,Home  /  Cat  /  Food & Health  /  Flea & Tick  /  Shampoos & Dips
http://www.petsmart.com/cat/spot-ons/cat-36-catid-200038,1,1,Home  /  Cat  /  Food & Health  /  Flea & Tick  /  Spot Ons
http://www.petsmart.com/cat/canned-food/cat-36-catid-200027,1,19,Home  /  Cat  /  Food & Health  /  Food  /  Canned Food
http://www.petsmart.com/cat/dry-food/cat-36-catid-200028,1,13,Home  /  Cat  /  Food & Health  /  Food  /  Dry Food
http://www.petsmart.com/cat/food-pouches/cat-36-catid-200029,1,2,Home  /  Cat  /  Food & Health  /  Food  /  Food Pouches
http://www.petsmart.com/cat/food-toppers/cat-36-catid-200030,1,1,Home  /  Cat  /  Food & Health  /  Food  /  Food Toppers
http://www.petsmart.com/cat/frozen-food/cat-36-catid-200137,1,1,Home  /  Cat  /  Food & Health  /  Food  /  Frozen Food
http://www.petsmart.com/cat/milk-replacers/cat-36-catid-200031,1,1,Home  /  Cat  /  Food & Health  /  Food  /  Milk Replacers
http://www.petsmart.com/cat/catnip-grass/cat-36-catid-200200,1,1,Home  /  Cat  /  Food & Health  /  Treats  /  Catnip & Grass
http://www.petsmart.com/cat/crunchy-treats/cat-36-catid-200051,1,3,Home  /  Cat  /  Food & Health  /  Treats  /  Crunchy Treats
http://www.petsmart.com/cat/dental-treats/cat-36-catid-200052,1,1,Home  /  Cat  /  Food & Health  /  Treats  /  Dental Treats
http://www.petsmart.com/cat/jerky/cat-36-catid-200054,1,1,Home  /  Cat  /  Food & Health  /  Treats  /  Jerky
http://www.petsmart.com/cat/soft-treats/cat-36-catid-200053,1,1,Home  /  Cat  /  Food & Health  /  Treats  /  Soft Treats
http://www.petsmart.com/cat/digestive-urinary-health/cat-36-catid-200042,1,1,Home  /  Cat  /  Food & Health  /  Vitamins & Wellness  /  Digestive & Urinary Health
http://www.petsmart.com/cat/eye-ear-care/cat-36-catid-200043,1,1,Home  /  Cat  /  Food & Health  /  Vitamins & Wellness  /  Eye & Ear Care
http://www.petsmart.com/cat/first-aid/cat-36-catid-200044,1,1,Home  /  Cat  /  Food & Health  /  Vitamins & Wellness  /  First Aid
http://www.petsmart.com/cat/hairball-remedy/cat-36-catid-200045,1,1,Home  /  Cat  /  Food & Health  /  Vitamins & Wellness  /  Hairball Remedy
http://www.petsmart.com/cat/hip-joint-health/cat-36-catid-200047,1,1,Home  /  Cat  /  Food & Health  /  Vitamins & Wellness  /  Hip & Joint Health
http://www.petsmart.com/cat/milk-replacers/cat-36-catid-200048,1,1,Home  /  Cat  /  Food & Health  /  Vitamins & Wellness  /  Milk Replacers
http://www.petsmart.com/cat/skin-coat-care/cat-36-catid-200046,1,1,Home  /  Cat  /  Food & Health  /  Vitamins & Wellness  /  Skin & Coat Care
http://www.petsmart.com/cat/stress-anxiety-relief/cat-36-catid-200050,1,1,Home  /  Cat  /  Food & Health  /  Vitamins & Wellness  /  Stress & Anxiety Relief
http://www.petsmart.com/cat/vitamins-supplements/cat-36-catid-200049,1,2,Home  /  Cat  /  Food & Health  /  Vitamins & Wellness  /  Vitamins & Supplements
http://www.petsmart.com/cat/beds/cat-36-catid-200056,1,4,Home  /  Cat  /  Supplies & Training  /  Beds & Blankets  /  Beds
http://www.petsmart.com/cat/blankets/cat-36-catid-200055,1,1,Home  /  Cat  /  Supplies & Training  /  Beds & Blankets  /  Blankets
http://www.petsmart.com/cat/window-perches/cat-36-catid-200061,1,1,Home  /  Cat  /  Supplies & Training  /  Beds & Blankets  /  Window Perches
http://www.petsmart.com/cat/automatic-feeders/cat-36-catid-200063,1,2,Home  /  Cat  /  Supplies & Training  /  Bowls & Feeders  /  Automatic Feeders
http://www.petsmart.com/cat/elevated-stands/cat-36-catid-200064,1,1,Home  /  Cat  /  Supplies & Training  /  Bowls & Feeders  /  Elevated Stands
http://www.petsmart.com/cat/food-water-bowls/cat-36-catid-200062,1,4,Home  /  Cat  /  Supplies & Training  /  Bowls & Feeders  /  Food & Water Bowls
http://www.petsmart.com/cat/placemats/cat-36-catid-200065,1,1,Home  /  Cat  /  Supplies & Training  /  Bowls & Feeders  /  Placemats
http://www.petsmart.com/cat/replacement-filters/cat-36-catid-200068,1,1,Home  /  Cat  /  Supplies & Training  /  Bowls & Feeders  /  Replacement Filters
http://www.petsmart.com/cat/storage-scoops/cat-36-catid-200066,1,1,Home  /  Cat  /  Supplies & Training  /  Bowls & Feeders  /  Storage & Scoops
http://www.petsmart.com/cat/travel/cat-36-catid-200067,1,1,Home  /  Cat  /  Supplies & Training  /  Bowls & Feeders  /  Travel
http://www.petsmart.com/cat/clothes-costumes/cat-36-catid-200138,1,1,Home  /  Cat  /  Supplies & Training  /  Clothes & Costumes
http://www.petsmart.com/cat/collars/cat-36-catid-200080,1,5,"Home  /  Cat  /  Supplies & Training  /  Collars, Harnesses & Leashes  /  Collars"
http://www.petsmart.com/cat/harnesses/cat-36-catid-200081,1,1,"Home  /  Cat  /  Supplies & Training  /  Collars, Harnesses & Leashes  /  Harnesses"
http://www.petsmart.com/cat/id-tags-bells-and-charms/cat-36-catid-200082,1,1,"Home  /  Cat  /  Supplies & Training  /  Collars, Harnesses & Leashes  /  ID Tags, Bells and Charms"
http://www.petsmart.com/cat/leashes/cat-36-catid-200083,1,1,"Home  /  Cat  /  Supplies & Training  /  Collars, Harnesses & Leashes  /  Leashes"
http://www.petsmart.com/cat/tie-outs/cat-36-catid-200084,1,1,"Home  /  Cat  /  Supplies & Training  /  Collars, Harnesses & Leashes  /  Tie Outs"
http://www.petsmart.com/cat/carriers/cat-36-catid-200139,1,1,"Home  /  Cat  /  Supplies & Training  /  Crates, Gates & Containment  /  Carriers"
http://www.petsmart.com/cat/covers-floor-pans/cat-36-catid-200142,1,1,"Home  /  Cat  /  Supplies & Training  /  Crates, Gates & Containment  /  Covers & Floor Pans"
http://www.petsmart.com/cat/crate-mats-pads/cat-36-catid-200058,1,1,"Home  /  Cat  /  Supplies & Training  /  Crates, Gates & Containment  /  Crate Mats & Pads"
http://www.petsmart.com/cat/crates/cat-36-catid-200140,1,1,"Home  /  Cat  /  Supplies & Training  /  Crates, Gates & Containment  /  Crates"
http://www.petsmart.com/cat/doors/cat-36-catid-200015,1,2,"Home  /  Cat  /  Supplies & Training  /  Crates, Gates & Containment  /  Doors"
http://www.petsmart.com/cat/gates/cat-36-catid-200141,1,1,"Home  /  Cat  /  Supplies & Training  /  Crates, Gates & Containment  /  Gates"
http://www.petsmart.com/cat/playpens/cat-36-catid-200087,1,1,"Home  /  Cat  /  Supplies & Training  /  Crates, Gates & Containment  /  Playpens"
http://www.petsmart.com/cat/furniture-towers/cat-36-catid-200085,1,11,Home  /  Cat  /  Supplies & Training  /  Furniture & Scratchers  /  Furniture & Towers
http://www.petsmart.com/cat/scratchers/cat-36-catid-200086,1,3,Home  /  Cat  /  Supplies & Training  /  Furniture & Scratchers  /  Scratchers
http://www.petsmart.com/cat/brushes-combs/cat-36-catid-200088,1,2,Home  /  Cat  /  Supplies & Training  /  Grooming Supplies  /  Brushes & Combs
http://www.petsmart.com/cat/clippers-trimmers/cat-36-catid-200089,1,1,Home  /  Cat  /  Supplies & Training  /  Grooming Supplies  /  Clippers & Trimmers
http://www.petsmart.com/cat/deodorizers/cat-36-catid-200090,1,1,Home  /  Cat  /  Supplies & Training  /  Grooming Supplies  /  Deodorizers
http://www.petsmart.com/cat/nail-care/cat-36-catid-200092,1,1,Home  /  Cat  /  Supplies & Training  /  Grooming Supplies  /  Nail Care
http://www.petsmart.com/cat/shampoo-conditioner/cat-36-catid-200091,1,1,Home  /  Cat  /  Supplies & Training  /  Grooming Supplies  /  Shampoo & Conditioner
http://www.petsmart.com/cat/deodorizers-filters/cat-36-catid-200098,1,1,Home  /  Cat  /  Supplies & Training  /  Litter & Waste Disposal  /  Deodorizers & Filters
http://www.petsmart.com/cat/enclosures/cat-36-catid-200095,1,1,Home  /  Cat  /  Supplies & Training  /  Litter & Waste Disposal  /  Enclosures
http://www.petsmart.com/cat/litter/cat-36-catid-200093,1,5,Home  /  Cat  /  Supplies & Training  /  Litter & Waste Disposal  /  Litter
http://www.petsmart.com/cat/litter-boxes/cat-36-catid-200094,1,2,Home  /  Cat  /  Supplies & Training  /  Litter & Waste Disposal  /  Litter Boxes
http://www.petsmart.com/cat/mats-liners/cat-36-catid-200097,1,2,Home  /  Cat  /  Supplies & Training  /  Litter & Waste Disposal  /  Mats & Liners
http://www.petsmart.com/cat/waste-disposal/cat-36-catid-200096,1,1,Home  /  Cat  /  Supplies & Training  /  Litter & Waste Disposal  /  Waste Disposal
http://www.petsmart.com/cat/pet-memorials/cat-36-catid-200019,1,1,Home  /  Cat  /  Supplies & Training  /  Pet Memorials
http://www.petsmart.com/cat/repellents/cat-36-catid-200020,1,1,Home  /  Cat  /  Supplies & Training  /  Repellents
http://www.petsmart.com/cat/deodorizers/cat-36-catid-200074,1,1,Home  /  Cat  /  Supplies & Training  /  Stain & Odor Removers  /  Deodorizers
http://www.petsmart.com/cat/furniture-home-protection/cat-36-catid-200079,1,1,Home  /  Cat  /  Supplies & Training  /  Stain & Odor Removers  /  Furniture & Home Protection
http://www.petsmart.com/cat/pet-hair-removers/cat-36-catid-200075,1,1,Home  /  Cat  /  Supplies & Training  /  Stain & Odor Removers  /  Pet Hair Removers
http://www.petsmart.com/cat/stain-odor-removers/cat-36-catid-200073,1,2,Home  /  Cat  /  Supplies & Training  /  Stain & Odor Removers  /  Stain & Odor Removers
http://www.petsmart.com/cat/waste-disposal/cat-36-catid-200077,1,1,Home  /  Cat  /  Supplies & Training  /  Stain & Odor Removers  /  Waste Disposal
http://www.petsmart.com/cat/toy-boxes/cat-36-catid-200105,1,1,Home  /  Cat  /  Supplies & Training  /  Toys  /  Toy Boxes
http://www.petsmart.com/cat/toys/cat-36-catid-200099,1,15,Home  /  Cat  /  Supplies & Training  /  Toys  /  Toys
http://www.petsmart.com/dog/books/cat-36-catid-100167,1,1,Home  /  Dog  /  Featured Shops  /  Gifts for Dog Lovers  /  Books
http://www.petsmart.com/dog/breed-specific/cat-36-catid-100168,1,1,Home  /  Dog  /  Featured Shops  /  Gifts for Dog Lovers  /  Breed Specific
http://www.petsmart.com/dog/clothing-accessories/cat-36-catid-100170,1,4,Home  /  Dog  /  Featured Shops  /  Gifts for Dog Lovers  /  Clothing & Accessories
http://www.petsmart.com/dog/housewares/cat-36-catid-100171,1,1,Home  /  Dog  /  Featured Shops  /  Gifts for Dog Lovers  /  Housewares
http://www.petsmart.com/dog/beds/cat-36-catid-100174,1,2,Home  /  Dog  /  Featured Shops  /  New Puppy Center  /  Beds
http://www.petsmart.com/dog/bowls/cat-36-catid-100175,1,1,Home  /  Dog  /  Featured Shops  /  New Puppy Center  /  Bowls
http://www.petsmart.com/dog/collars-harnesses-leashes/cat-36-catid-100177,1,1,"Home  /  Dog  /  Featured Shops  /  New Puppy Center  /  Collars, Harnesses & Leashes"
http://www.petsmart.com/dog/crates-carriers/cat-36-catid-100178,1,2,Home  /  Dog  /  Featured Shops  /  New Puppy Center  /  Crates & Carriers
http://www.petsmart.com/dog/food/cat-36-catid-100179,1,4,Home  /  Dog  /  Featured Shops  /  New Puppy Center  /  Food
http://www.petsmart.com/dog/health-grooming/cat-36-catid-100180,1,1,Home  /  Dog  /  Featured Shops  /  New Puppy Center  /  Health & Grooming
http://www.petsmart.com/dog/potty-training/cat-36-catid-100202,1,2,Home  /  Dog  /  Featured Shops  /  New Puppy Center  /  Potty Training
http://www.petsmart.com/dog/stain-odor-control/cat-36-catid-100176,1,2,Home  /  Dog  /  Featured Shops  /  New Puppy Center  /  Stain & Odor Control
http://www.petsmart.com/dog/toys/cat-36-catid-100181,1,1,Home  /  Dog  /  Featured Shops  /  New Puppy Center  /  Toys
http://www.petsmart.com/dog/treats/cat-36-catid-100182,1,1,Home  /  Dog  /  Featured Shops  /  New Puppy Center  /  Treats
http://www.petsmart.com/dog/bandanas-hats/cat-36-catid-100192,1,3,Home  /  Dog  /  Featured Shops  /  Team Shop  /  Bandanas & Hats
http://www.petsmart.com/dog/clothes/cat-36-catid-100197,1,12,Home  /  Dog  /  Featured Shops  /  Team Shop  /  Clothes
http://www.petsmart.com/dog/collars-leashes/cat-36-catid-100195,1,12,Home  /  Dog  /  Featured Shops  /  Team Shop  /  Collars & Leashes
http://www.petsmart.com/dog/id-tags/cat-36-catid-100196,1,1,Home  /  Dog  /  Featured Shops  /  Team Shop  /  ID Tags
http://www.petsmart.com/dog/sweaters-coats/cat-36-catid-100250,1,1,Home  /  Dog  /  Featured Shops  /  Team Shop  /  Sweaters & Coats
http://www.petsmart.com/dog/toys/cat-36-catid-100199,1,10,Home  /  Dog  /  Featured Shops  /  Team Shop  /  Toys
http://www.petsmart.com/dog/breath-fresheners/cat-36-catid-100039,1,1,Home  /  Dog  /  Food & Health  /  Dental Care  /  Breath Fresheners
http://www.petsmart.com/dog/dental-sprays-rinses/cat-36-catid-100041,1,1,Home  /  Dog  /  Food & Health  /  Dental Care  /  Dental Sprays & Rinses
http://www.petsmart.com/dog/dental-treats/cat-36-catid-100038,1,5,Home  /  Dog  /  Food & Health  /  Dental Care  /  Dental Treats
http://www.petsmart.com/dog/toothbrushes-toothpaste/cat-36-catid-100040,1,2,Home  /  Dog  /  Food & Health  /  Dental Care  /  Toothbrushes & Toothpaste
http://www.petsmart.com/dog/collars/cat-36-catid-100042,1,1,Home  /  Dog  /  Food & Health  /  Flea & Tick  /  Collars
http://www.petsmart.com/dog/combs-tools/cat-36-catid-100043,1,1,Home  /  Dog  /  Food & Health  /  Flea & Tick  /  Combs & Tools
http://www.petsmart.com/dog/home-yard-treatment/cat-36-catid-100047,1,1,Home  /  Dog  /  Food & Health  /  Flea & Tick  /  Home & Yard Treatment
http://www.petsmart.com/dog/pet-sprays/cat-36-catid-100045,1,1,Home  /  Dog  /  Food & Health  /  Flea & Tick  /  Pet Sprays
http://www.petsmart.com/dog/pills/cat-36-catid-100205,1,1,Home  /  Dog  /  Food & Health  /  Flea & Tick  /  Pills
http://www.petsmart.com/dog/shampoos-dips/cat-36-catid-100046,1,1,Home  /  Dog  /  Food & Health  /  Flea & Tick  /  Shampoos & Dips
http://www.petsmart.com/dog/spot-ons/cat-36-catid-100044,1,3,Home  /  Dog  /  Food & Health  /  Flea & Tick  /  Spot Ons
http://www.petsmart.com/dog/canned-food/cat-36-catid-100031,1,19,Home  /  Dog  /  Food & Health  /  Food  /  Canned Food
http://www.petsmart.com/dog/dry-food/cat-36-catid-100032,1,29,Home  /  Dog  /  Food & Health  /  Food  /  Dry Food
http://www.petsmart.com/dog/food-pouches/cat-36-catid-100033,1,1,Home  /  Dog  /  Food & Health  /  Food  /  Food Pouches
http://www.petsmart.com/dog/food-toppers/cat-36-catid-100034,1,1,Home  /  Dog  /  Food & Health  /  Food  /  Food Toppers
http://www.petsmart.com/dog/fresh-food/cat-36-catid-100035,1,1,Home  /  Dog  /  Food & Health  /  Food  /  Fresh Food
http://www.petsmart.com/dog/frozen-food/cat-36-catid-100036,1,1,Home  /  Dog  /  Food & Health  /  Food  /  Frozen Food
http://www.petsmart.com/dog/biscuits-bakery/cat-36-catid-100048,1,8,Home  /  Dog  /  Food & Health  /  Treats & Rawhide  /  Biscuits & Bakery
http://www.petsmart.com/dog/bones-rawhide/cat-36-catid-100050,1,9,Home  /  Dog  /  Food & Health  /  Treats & Rawhide  /  Bones & Rawhide
http://www.petsmart.com/dog/chewy-treats/cat-36-catid-100051,1,12,Home  /  Dog  /  Food & Health  /  Treats & Rawhide  /  Chewy Treats
http://www.petsmart.com/dog/dental-treats/cat-36-catid-100049,1,5,Home  /  Dog  /  Food & Health  /  Treats & Rawhide  /  Dental Treats
http://www.petsmart.com/dog/jerky/cat-36-catid-100052,1,2,Home  /  Dog  /  Food & Health  /  Treats & Rawhide  /  Jerky
http://www.petsmart.com/dog/training-treats/cat-36-catid-100053,1,2,Home  /  Dog  /  Food & Health  /  Treats & Rawhide  /  Training Treats
http://www.petsmart.com/dog/digestive-urinary-health/cat-36-catid-100054,1,1,Home  /  Dog  /  Food & Health  /  Vitamins & Wellness  /  Digestive & Urinary Health
http://www.petsmart.com/dog/exercise-equipment/cat-36-catid-100300,1,1,Home  /  Dog  /  Food & Health  /  Vitamins & Wellness  /  Exercise Equipment
http://www.petsmart.com/dog/eye-ear-care/cat-36-catid-100055,1,1,Home  /  Dog  /  Food & Health  /  Vitamins & Wellness  /  Eye & Ear Care
http://www.petsmart.com/dog/first-aid/cat-36-catid-100056,1,1,Home  /  Dog  /  Food & Health  /  Vitamins & Wellness  /  First Aid
http://www.petsmart.com/dog/hip-joint-health/cat-36-catid-100058,1,3,Home  /  Dog  /  Food & Health  /  Vitamins & Wellness  /  Hip & Joint Health
http://www.petsmart.com/dog/milk-replacers/cat-36-catid-100059,1,1,Home  /  Dog  /  Food & Health  /  Vitamins & Wellness  /  Milk Replacers
http://www.petsmart.com/dog/skin-coat-care/cat-36-catid-100057,1,3,Home  /  Dog  /  Food & Health  /  Vitamins & Wellness  /  Skin & Coat Care
http://www.petsmart.com/dog/stress-anxiety-relief/cat-36-catid-100061,1,2,Home  /  Dog  /  Food & Health  /  Vitamins & Wellness  /  Stress & Anxiety Relief
http://www.petsmart.com/dog/vitamins-supplements/cat-36-catid-100060,1,5,Home  /  Dog  /  Food & Health  /  Vitamins & Wellness  /  Vitamins & Supplements
http://www.petsmart.com/dog/beds/cat-36-catid-100063,1,11,Home  /  Dog  /  Supplies & Training  /  Beds & Blankets  /  Beds
http://www.petsmart.com/dog/beds-mat-covers/cat-36-catid-100200,1,1,Home  /  Dog  /  Supplies & Training  /  Beds & Blankets  /  Beds & Mat Covers
http://www.petsmart.com/dog/blankets/cat-36-catid-100062,1,1,Home  /  Dog  /  Supplies & Training  /  Beds & Blankets  /  Blankets
http://www.petsmart.com/dog/automatic-feeders/cat-36-catid-100068,1,1,Home  /  Dog  /  Supplies & Training  /  Bowls & Feeders  /  Automatic Feeders
http://www.petsmart.com/dog/elevated-stands/cat-36-catid-100069,1,1,Home  /  Dog  /  Supplies & Training  /  Bowls & Feeders  /  Elevated Stands
http://www.petsmart.com/dog/food-water-bowls/cat-36-catid-100067,1,6,Home  /  Dog  /  Supplies & Training  /  Bowls & Feeders  /  Food & Water Bowls
http://www.petsmart.com/dog/placemats/cat-36-catid-100070,1,2,Home  /  Dog  /  Supplies & Training  /  Bowls & Feeders  /  Placemats
http://www.petsmart.com/dog/storage-scoops/cat-36-catid-100071,1,2,Home  /  Dog  /  Supplies & Training  /  Bowls & Feeders  /  Storage & Scoops
http://www.petsmart.com/dog/travel/cat-36-catid-100072,1,1,Home  /  Dog  /  Supplies & Training  /  Bowls & Feeders  /  Travel
http://www.petsmart.com/dog/water-filters/cat-36-catid-100073,1,1,Home  /  Dog  /  Supplies & Training  /  Bowls & Feeders  /  Water Filters
http://www.petsmart.com/dog/bandanas-bows-hats/cat-36-catid-100078,1,1,"Home  /  Dog  /  Supplies & Training  /  Clothes & Shoes  /  Bandanas, Bows & Hats"
http://www.petsmart.com/dog/costumes/cat-36-catid-100201,1,1,Home  /  Dog  /  Supplies & Training  /  Clothes & Shoes  /  Costumes
http://www.petsmart.com/dog/dresses/cat-36-catid-100079,1,1,Home  /  Dog  /  Supplies & Training  /  Clothes & Shoes  /  Dresses
http://www.petsmart.com/dog/life-jackets-swimsuits/cat-36-catid-100075,1,1,Home  /  Dog  /  Supplies & Training  /  Clothes & Shoes  /  Life Jackets & Swimsuits
http://www.petsmart.com/dog/shoes-socks/cat-36-catid-100080,1,2,Home  /  Dog  /  Supplies & Training  /  Clothes & Shoes  /  Shoes & Socks
http://www.petsmart.com/dog/sweaters-coats/cat-36-catid-100076,1,4,Home  /  Dog  /  Supplies & Training  /  Clothes & Shoes  /  Sweaters & Coats
http://www.petsmart.com/dog/t-shirts-tank-tops/cat-36-catid-100077,1,5,Home  /  Dog  /  Supplies & Training  /  Clothes & Shoes  /  T-Shirts & Tank Tops
http://www.petsmart.com/dog/collars/cat-36-catid-100081,1,12,"Home  /  Dog  /  Supplies & Training  /  Collars, Harnesses & Leashes  /  Collars"
http://www.petsmart.com/dog/harnesses/cat-36-catid-100082,1,7,"Home  /  Dog  /  Supplies & Training  /  Collars, Harnesses & Leashes  /  Harnesses"
http://www.petsmart.com/dog/id-tags/cat-36-catid-100083,1,3,"Home  /  Dog  /  Supplies & Training  /  Collars, Harnesses & Leashes  /  ID Tags"
http://www.petsmart.com/dog/leashes/cat-36-catid-100084,1,11,"Home  /  Dog  /  Supplies & Training  /  Collars, Harnesses & Leashes  /  Leashes"
http://www.petsmart.com/dog/tie-outs/cat-36-catid-100301,1,1,"Home  /  Dog  /  Supplies & Training  /  Collars, Harnesses & Leashes  /  Tie-Outs"
http://www.petsmart.com/dog/carriers/cat-36-catid-100085,1,3,"Home  /  Dog  /  Supplies & Training  /  Crates, Gates & Containment  /  Carriers"
http://www.petsmart.com/dog/covers-floor-pans/cat-36-catid-100090,1,1,"Home  /  Dog  /  Supplies & Training  /  Crates, Gates & Containment  /  Covers & Floor Pans"
http://www.petsmart.com/dog/crate-mats-pads/cat-36-catid-100087,1,3,"Home  /  Dog  /  Supplies & Training  /  Crates, Gates & Containment  /  Crate Mats & Pads"
http://www.petsmart.com/dog/crates/cat-36-catid-100086,1,2,"Home  /  Dog  /  Supplies & Training  /  Crates, Gates & Containment  /  Crates"
http://www.petsmart.com/dog/dog-doors/cat-36-catid-100091,1,2,"Home  /  Dog  /  Supplies & Training  /  Crates, Gates & Containment  /  Dog Doors"
http://www.petsmart.com/dog/fence-systems/cat-36-catid-100015,1,1,"Home  /  Dog  /  Supplies & Training  /  Crates, Gates & Containment  /  Fence Systems"
http://www.petsmart.com/dog/gates/cat-36-catid-100092,1,3,"Home  /  Dog  /  Supplies & Training  /  Crates, Gates & Containment  /  Gates"
http://www.petsmart.com/dog/houses/cat-36-catid-100104,1,1,"Home  /  Dog  /  Supplies & Training  /  Crates, Gates & Containment  /  Houses"
http://www.petsmart.com/dog/kennels/cat-36-catid-100105,1,1,"Home  /  Dog  /  Supplies & Training  /  Crates, Gates & Containment  /  Kennels"
http://www.petsmart.com/dog/pens/cat-36-catid-100107,1,2,"Home  /  Dog  /  Supplies & Training  /  Crates, Gates & Containment  /  Pens"
http://www.petsmart.com/dog/bathing-equipment/cat-36-catid-100096,1,1,Home  /  Dog  /  Supplies & Training  /  Grooming Supplies  /  Bathing Equipment
http://www.petsmart.com/dog/brushes-combs-blow-dryers/cat-36-catid-100097,1,4,"Home  /  Dog  /  Supplies & Training  /  Grooming Supplies  /  Brushes, Combs & Blow Dryers"
http://www.petsmart.com/dog/cologne-deodorant/cat-36-catid-100099,1,2,Home  /  Dog  /  Supplies & Training  /  Grooming Supplies  /  Cologne & Deodorant
http://www.petsmart.com/dog/ear-cleaners/cat-36-catid-100100,1,1,Home  /  Dog  /  Supplies & Training  /  Grooming Supplies  /  Ear Cleaners
http://www.petsmart.com/dog/eye-cleaners/cat-36-catid-100101,1,1,Home  /  Dog  /  Supplies & Training  /  Grooming Supplies  /  Eye Cleaners
http://www.petsmart.com/dog/hair-clippers-trimmers/cat-36-catid-100304,1,2,Home  /  Dog  /  Supplies & Training  /  Grooming Supplies  /  Hair Clippers & Trimmers
http://www.petsmart.com/dog/nail-care/cat-36-catid-100103,1,1,Home  /  Dog  /  Supplies & Training  /  Grooming Supplies  /  Nail Care
http://www.petsmart.com/dog/scissors-shears/cat-36-catid-100098,1,1,Home  /  Dog  /  Supplies & Training  /  Grooming Supplies  /  Scissors & Shears
http://www.petsmart.com/dog/shampoo-conditioner/cat-36-catid-100102,1,7,Home  /  Dog  /  Supplies & Training  /  Grooming Supplies  /  Shampoo & Conditioner
http://www.petsmart.com/dog/memorial-stones/cat-36-catid-100116,1,2,Home  /  Dog  /  Supplies & Training  /  Pet Memorials  /  Memorial Stones
http://www.petsmart.com/dog/ramps-steps/cat-36-catid-100020,1,2,Home  /  Dog  /  Supplies & Training  /  Ramps & Steps
http://www.petsmart.com/dog/deodorizers/cat-36-catid-100110,1,1,Home  /  Dog  /  Supplies & Training  /  Stain & Odor Removers  /  Deodorizers
http://www.petsmart.com/dog/furniture-home-protection/cat-36-catid-100115,1,1,Home  /  Dog  /  Supplies & Training  /  Stain & Odor Removers  /  Furniture & Home Protection
http://www.petsmart.com/dog/pet-hair-removers/cat-36-catid-100111,1,1,Home  /  Dog  /  Supplies & Training  /  Stain & Odor Removers  /  Pet Hair Removers
http://www.petsmart.com/dog/stain-urine-removers/cat-36-catid-100109,1,3,Home  /  Dog  /  Supplies & Training  /  Stain & Odor Removers  /  Stain & Urine Removers
http://www.petsmart.com/dog/waste-disposal/cat-36-catid-100113,1,3,Home  /  Dog  /  Supplies & Training  /  Stain & Odor Removers  /  Waste Disposal
http://www.petsmart.com/dog/toy-boxes/cat-36-catid-100119,1,1,Home  /  Dog  /  Supplies & Training  /  Toys  /  Toy Boxes
http://www.petsmart.com/dog/toys/cat-36-catid-100118,1,41,Home  /  Dog  /  Supplies & Training  /  Toys  /  Toys
http://www.petsmart.com/dog/accessories/cat-36-catid-100133,1,1,Home  /  Dog  /  Supplies & Training  /  Training & Behavior  /  Accessories
http://www.petsmart.com/dog/bark-control/cat-36-catid-100125,1,1,Home  /  Dog  /  Supplies & Training  /  Training & Behavior  /  Bark Control
http://www.petsmart.com/dog/books/cat-36-catid-100130,1,1,Home  /  Dog  /  Supplies & Training  /  Training & Behavior  /  Books
http://www.petsmart.com/dog/clicker-training/cat-36-catid-100126,1,1,Home  /  Dog  /  Supplies & Training  /  Training & Behavior  /  Clicker Training
http://www.petsmart.com/dog/deterrent/cat-36-catid-100129,1,1,Home  /  Dog  /  Supplies & Training  /  Training & Behavior  /  Deterrent
http://www.petsmart.com/dog/leashes-harnesses/cat-36-catid-100131,1,4,Home  /  Dog  /  Supplies & Training  /  Training & Behavior  /  Leashes & Harnesses
http://www.petsmart.com/dog/monitors/cat-36-catid-100302,1,1,Home  /  Dog  /  Supplies & Training  /  Training & Behavior  /  Monitors
http://www.petsmart.com/dog/potty-training/cat-36-catid-100127,1,2,Home  /  Dog  /  Supplies & Training  /  Training & Behavior  /  Potty Training
http://www.petsmart.com/dog/remote-training/cat-36-catid-100128,1,1,Home  /  Dog  /  Supplies & Training  /  Training & Behavior  /  Remote Training
http://www.petsmart.com/dog/training-treats/cat-36-catid-100132,1,1,Home  /  Dog  /  Supplies & Training  /  Training & Behavior  /  Training Treats
http://www.petsmart.com/dog/backpacks/cat-36-catid-100303,1,1,Home  /  Dog  /  Supplies & Training  /  Travel Essentials  /  Backpacks
http://www.petsmart.com/dog/bicycle-travel/cat-36-catid-100134,1,1,Home  /  Dog  /  Supplies & Training  /  Travel Essentials  /  Bicycle Travel
http://www.petsmart.com/dog/booster-seats/cat-36-catid-100135,1,2,Home  /  Dog  /  Supplies & Training  /  Travel Essentials  /  Booster Seats
http://www.petsmart.com/dog/car-barriers/cat-36-catid-100136,1,1,Home  /  Dog  /  Supplies & Training  /  Travel Essentials  /  Car Barriers
http://www.petsmart.com/dog/portable-food-bowls/cat-36-catid-100138,1,1,Home  /  Dog  /  Supplies & Training  /  Travel Essentials  /  Portable Food Bowls
http://www.petsmart.com/dog/ramps-stairs/cat-36-catid-100139,1,2,Home  /  Dog  /  Supplies & Training  /  Travel Essentials  /  Ramps & Stairs
http://www.petsmart.com/dog/safety-harnesses/cat-36-catid-100140,1,1,Home  /  Dog  /  Supplies & Training  /  Travel Essentials  /  Safety Harnesses
http://www.petsmart.com/dog/seat-protectors/cat-36-catid-100141,1,2,Home  /  Dog  /  Supplies & Training  /  Travel Essentials  /  Seat Protectors
http://www.petsmart.com/dog/strollers/cat-36-catid-100142,1,1,Home  /  Dog  /  Supplies & Training  /  Travel Essentials  /  Strollers
http://www.petsmart.com/fish/live-fish/cat-36-catid-300004,1,5,Home  /  Fish  /  Featured Shops  /  Live Fish
http://www.petsmart.com/fish/anchor-worms/cat-36-catid-300049,1,1,Home  /  Fish  /  Food & Care  /  Disease Treatment  /  Anchor Worms
http://www.petsmart.com/fish/bacteria/cat-36-catid-300045,1,1,Home  /  Fish  /  Food & Care  /  Disease Treatment  /  Bacteria
http://www.petsmart.com/fish/fish-lice/cat-36-catid-300048,1,1,Home  /  Fish  /  Food & Care  /  Disease Treatment  /  Fish Lice
http://www.petsmart.com/fish/fungus/cat-36-catid-300044,1,1,Home  /  Fish  /  Food & Care  /  Disease Treatment  /  Fungus
http://www.petsmart.com/fish/skin-parasites/cat-36-catid-300046,1,1,Home  /  Fish  /  Food & Care  /  Disease Treatment  /  Skin Parasites
http://www.petsmart.com/fish/virus/cat-36-catid-300043,1,1,Home  /  Fish  /  Food & Care  /  Disease Treatment  /  Virus
http://www.petsmart.com/fish/automatic-feeders/cat-36-catid-300037,1,1,Home  /  Fish  /  Food & Care  /  Feeders  /  Automatic Feeders
http://www.petsmart.com/fish/slow-releasing-feeders/cat-36-catid-300038,1,1,Home  /  Fish  /  Food & Care  /  Feeders  /  Slow Releasing Feeders
http://www.petsmart.com/fish/flakes/cat-36-catid-300042,1,2,Home  /  Fish  /  Food & Care  /  Food  /  Flakes
http://www.petsmart.com/fish/freeze-dried/cat-36-catid-300040,1,1,Home  /  Fish  /  Food & Care  /  Food  /  Freeze Dried
http://www.petsmart.com/fish/frozen/cat-36-catid-300039,1,1,Home  /  Fish  /  Food & Care  /  Food  /  Frozen
http://www.petsmart.com/fish/pellets-crisp/cat-36-catid-300041,1,3,Home  /  Fish  /  Food & Care  /  Food  /  Pellets/Crisp
http://www.petsmart.com/fish/accessories/cat-36-catid-300053,1,1,Home  /  Fish  /  Food & Care  /  Plant Care  /  Accessories
http://www.petsmart.com/fish/fertilizers-supplements/cat-36-catid-300051,1,1,Home  /  Fish  /  Food & Care  /  Plant Care  /  Fertilizers & Supplements
http://www.petsmart.com/fish/plant-food/cat-36-catid-300050,1,1,Home  /  Fish  /  Food & Care  /  Plant Care  /  Plant Food
http://www.petsmart.com/fish/substrate/cat-36-catid-300052,1,1,Home  /  Fish  /  Food & Care  /  Plant Care  /  Substrate
http://www.petsmart.com/fish/filters-filter-media/cat-36-catid-300054,1,1,Home  /  Fish  /  Food & Care  /  Pond Care  /  Filters & Filter Media
http://www.petsmart.com/fish/food/cat-36-catid-300055,1,1,Home  /  Fish  /  Food & Care  /  Pond Care  /  Food
http://www.petsmart.com/fish/lighting-heaters/cat-36-catid-300056,1,1,Home  /  Fish  /  Food & Care  /  Pond Care  /  Lighting & Heaters
http://www.petsmart.com/fish/water-care-conditioning/cat-36-catid-300057,1,2,Home  /  Fish  /  Food & Care  /  Pond Care  /  Water Care & Conditioning
http://www.petsmart.com/fish/water-quality-testers/cat-36-catid-300058,1,1,Home  /  Fish  /  Food & Care  /  Pond Care  /  Water Quality Testers
http://www.petsmart.com/fish/decor-gravel/cat-36-catid-300059,1,17,Home  /  Fish  /  Food & Care  /  Saltwater Aquarium Care  /  Decor & Gravel
http://www.petsmart.com/fish/disease-treatment/cat-36-catid-300060,1,1,Home  /  Fish  /  Food & Care  /  Saltwater Aquarium Care  /  Disease Treatment
http://www.petsmart.com/fish/filters-filter-media/cat-36-catid-300061,1,1,Home  /  Fish  /  Food & Care  /  Saltwater Aquarium Care  /  Filters & Filter Media
http://www.petsmart.com/fish/food/cat-36-catid-300062,1,1,Home  /  Fish  /  Food & Care  /  Saltwater Aquarium Care  /  Food
http://www.petsmart.com/fish/salt/cat-36-catid-300063,1,1,Home  /  Fish  /  Food & Care  /  Saltwater Aquarium Care  /  Salt
http://www.petsmart.com/fish/water-care/cat-36-catid-300064,1,1,Home  /  Fish  /  Food & Care  /  Saltwater Aquarium Care  /  Water Care
http://www.petsmart.com/fish/algae-control/cat-36-catid-300034,1,1,Home  /  Fish  /  Food & Care  /  Water Care & Conditioning  /  Algae Control
http://www.petsmart.com/fish/ammonia-removers/cat-36-catid-300030,1,1,Home  /  Fish  /  Food & Care  /  Water Care & Conditioning  /  Ammonia Removers
http://www.petsmart.com/fish/cycling-aids-bacteria/cat-36-catid-300035,1,1,Home  /  Fish  /  Food & Care  /  Water Care & Conditioning  /  Cycling Aids/Bacteria
http://www.petsmart.com/fish/dechlorinators/cat-36-catid-300031,1,1,Home  /  Fish  /  Food & Care  /  Water Care & Conditioning  /  Dechlorinators
http://www.petsmart.com/fish/ph-adjusters/cat-36-catid-300033,1,1,Home  /  Fish  /  Food & Care  /  Water Care & Conditioning  /  pH Adjusters
http://www.petsmart.com/fish/water-clarifiers/cat-36-catid-300032,1,1,Home  /  Fish  /  Food & Care  /  Water Care & Conditioning  /  Water Clarifiers
http://www.petsmart.com/fish/water-conditioners/cat-36-catid-300029,1,1,Home  /  Fish  /  Food & Care  /  Water Care & Conditioning  /  Water Conditioners
http://www.petsmart.com/fish/alkalinity-testers/cat-36-catid-300027,1,1,Home  /  Fish  /  Food & Care  /  Water Quality Testers  /  Alkalinity Testers
http://www.petsmart.com/fish/ammonia-testers/cat-36-catid-300023,1,1,Home  /  Fish  /  Food & Care  /  Water Quality Testers  /  Ammonia Testers
http://www.petsmart.com/fish/chlorine-testers/cat-36-catid-300028,1,1,Home  /  Fish  /  Food & Care  /  Water Quality Testers  /  Chlorine Testers
http://www.petsmart.com/fish/hardness-testers/cat-36-catid-300026,1,1,Home  /  Fish  /  Food & Care  /  Water Quality Testers  /  Hardness Testers
http://www.petsmart.com/fish/nitrate-nitrite-testers/cat-36-catid-300025,1,1,Home  /  Fish  /  Food & Care  /  Water Quality Testers  /  Nitrate & Nitrite Testers
http://www.petsmart.com/fish/ph-testers/cat-36-catid-300024,1,1,Home  /  Fish  /  Food & Care  /  Water Quality Testers  /  pH Testers
http://www.petsmart.com/fish/test-kits/cat-36-catid-300022,1,1,Home  /  Fish  /  Food & Care  /  Water Quality Testers  /  Test Kits
http://www.petsmart.com/fish/adhesives-sealants/cat-36-catid-300079,1,1,Home  /  Fish  /  Supplies  /  Aquarium Maintenance  /  Adhesives & Sealants
http://www.petsmart.com/fish/air-pumps-air-stones/cat-36-catid-300087,1,3,Home  /  Fish  /  Supplies  /  Aquarium Maintenance  /  Air Pumps & Air Stones
http://www.petsmart.com/fish/breeders/cat-36-catid-300086,1,1,Home  /  Fish  /  Supplies  /  Aquarium Maintenance  /  Breeders
http://www.petsmart.com/fish/brushes-tank-cleaners/cat-36-catid-300080,1,1,Home  /  Fish  /  Supplies  /  Aquarium Maintenance  /  Brushes & Tank Cleaners
http://www.petsmart.com/fish/nets/cat-36-catid-300081,1,1,Home  /  Fish  /  Supplies  /  Aquarium Maintenance  /  Nets
http://www.petsmart.com/fish/tank-dividers-containers/cat-36-catid-300082,1,1,Home  /  Fish  /  Supplies  /  Aquarium Maintenance  /  Tank Dividers & Containers
http://www.petsmart.com/fish/vacuums/cat-36-catid-300083,1,1,Home  /  Fish  /  Supplies  /  Aquarium Maintenance  /  Vacuums
http://www.petsmart.com/fish/water-changers/cat-36-catid-300084,1,1,Home  /  Fish  /  Supplies  /  Aquarium Maintenance  /  Water Changers
http://www.petsmart.com/fish/water-pumps-powerheads/cat-36-catid-300085,1,1,Home  /  Fish  /  Supplies  /  Aquarium Maintenance  /  Water Pumps & Powerheads
http://www.petsmart.com/fish/aquarium-stands/cat-36-catid-300066,1,1,Home  /  Fish  /  Supplies  /  Aquariums & Stands  /  Aquarium Stands
http://www.petsmart.com/fish/aquariums/cat-36-catid-300065,1,7,Home  /  Fish  /  Supplies  /  Aquariums & Stands  /  Aquariums
http://www.petsmart.com/fish/artificial-plants/cat-36-catid-300067,1,6,Home  /  Fish  /  Supplies  /  Decor & Gravel  /  Artificial Plants
http://www.petsmart.com/fish/backgrounds/cat-36-catid-300068,1,2,Home  /  Fish  /  Supplies  /  Decor & Gravel  /  Backgrounds
http://www.petsmart.com/fish/gravel-sand/cat-36-catid-300072,1,2,Home  /  Fish  /  Supplies  /  Decor & Gravel  /  Gravel & Sand
http://www.petsmart.com/fish/live-plants/cat-36-catid-300070,1,2,Home  /  Fish  /  Supplies  /  Decor & Gravel  /  Live Plants
http://www.petsmart.com/fish/ornaments/cat-36-catid-300071,1,7,Home  /  Fish  /  Supplies  /  Decor & Gravel  /  Ornaments
http://www.petsmart.com/fish/stones-gems/cat-36-catid-300069,1,1,Home  /  Fish  /  Supplies  /  Decor & Gravel  /  Stones & Gems
http://www.petsmart.com/fish/filter-media/cat-36-catid-300089,1,6,Home  /  Fish  /  Supplies  /  Filters & Filter Media  /  Filter Media
http://www.petsmart.com/fish/filters/cat-36-catid-300088,1,2,Home  /  Fish  /  Supplies  /  Filters & Filter Media  /  Filters
http://www.petsmart.com/fish/replacement-parts/cat-36-catid-300090,1,2,Home  /  Fish  /  Supplies  /  Filters & Filter Media  /  Replacement Parts
http://www.petsmart.com/fish/accessories/cat-36-catid-300078,1,1,Home  /  Fish  /  Supplies  /  Heaters & Thermometers  /  Accessories
http://www.petsmart.com/fish/heaters/cat-36-catid-300076,1,1,Home  /  Fish  /  Supplies  /  Heaters & Thermometers  /  Heaters
http://www.petsmart.com/fish/thermometers/cat-36-catid-300077,1,1,Home  /  Fish  /  Supplies  /  Heaters & Thermometers  /  Thermometers
http://www.petsmart.com/fish/hoods-glass-canopies/cat-36-catid-300074,1,1,Home  /  Fish  /  Supplies  /  Lighting & Hoods  /  Hoods & Glass Canopies
http://www.petsmart.com/fish/lights/cat-36-catid-300073,1,3,Home  /  Fish  /  Supplies  /  Lighting & Hoods  /  Lights
http://www.petsmart.com/fish/timers-accessories/cat-36-catid-300075,1,1,Home  /  Fish  /  Supplies  /  Lighting & Hoods  /  Timers & Accessories
http://www.petsmart.com/reptile/live-reptiles/cat-36-catid-500008,1,1,Home  /  Reptile  /  Featured Shops  /  Live Reptiles
http://www.petsmart.com/reptile/food/cat-36-catid-500004,1,5,Home  /  Reptile  /  Food & Care  /  Food
http://www.petsmart.com/reptile/feeding-accessories/cat-36-catid-500021,1,1,Home  /  Reptile  /  Food & Care  /  Food & Water Accessories  /  Feeding Accessories
http://www.petsmart.com/reptile/food-water-bowls/cat-36-catid-500019,1,1,Home  /  Reptile  /  Food & Care  /  Food & Water Accessories  /  Food & Water Bowls
http://www.petsmart.com/reptile/food-storage/cat-36-catid-500018,1,1,Home  /  Reptile  /  Food & Care  /  Food & Water Accessories  /  Food Storage
http://www.petsmart.com/reptile/health-wellness/cat-36-catid-500007,1,1,Home  /  Reptile  /  Food & Care  /  Health & Wellness
http://www.petsmart.com/reptile/deodorizers/cat-36-catid-500022,1,1,Home  /  Reptile  /  Supplies  /  Cleaning & Odor Removers  /  Deodorizers
http://www.petsmart.com/reptile/sanitizers/cat-36-catid-500023,1,1,Home  /  Reptile  /  Supplies  /  Cleaning & Odor Removers  /  Sanitizers
http://www.petsmart.com/reptile/waste-removers/cat-36-catid-500025,1,1,Home  /  Reptile  /  Supplies  /  Cleaning & Odor Removers  /  Waste Removers
http://www.petsmart.com/reptile/water-conditioners/cat-36-catid-500026,1,1,Home  /  Reptile  /  Supplies  /  Cleaning & Odor Removers  /  Water Conditioners
http://www.petsmart.com/reptile/filter/cat-36-catid-500031,1,1,Home  /  Reptile  /  Supplies  /  Filters & Pumps  /  Filter
http://www.petsmart.com/reptile/fllter-media/cat-36-catid-500032,1,1,Home  /  Reptile  /  Supplies  /  Filters & Pumps  /  Fllter Media
http://www.petsmart.com/reptile/pumps/cat-36-catid-500033,1,1,Home  /  Reptile  /  Supplies  /  Filters & Pumps  /  Pumps
http://www.petsmart.com/reptile/accessories/cat-36-catid-500029,1,1,Home  /  Reptile  /  Supplies  /  Habitats & Decor  /  Accessories
http://www.petsmart.com/reptile/habitat-decor/cat-36-catid-500027,1,4,Home  /  Reptile  /  Supplies  /  Habitats & Decor  /  Habitat Decor
http://www.petsmart.com/reptile/terrariums/cat-36-catid-500028,1,2,Home  /  Reptile  /  Supplies  /  Habitats & Decor  /  Terrariums
http://www.petsmart.com/reptile/bulbs-lamps/cat-36-catid-500036,1,3,Home  /  Reptile  /  Supplies  /  Heating & Lighting  /  Bulbs & Lamps
http://www.petsmart.com/reptile/heaters/cat-36-catid-500035,1,1,Home  /  Reptile  /  Supplies  /  Heating & Lighting  /  Heaters
http://www.petsmart.com/reptile/light-fixtures/cat-36-catid-500037,1,1,Home  /  Reptile  /  Supplies  /  Heating & Lighting  /  Light Fixtures
http://www.petsmart.com/reptile/humidity-temperature-controls/cat-36-catid-500012,1,2,Home  /  Reptile  /  Supplies  /  Humidity & Temperature Controls
http://www.petsmart.com/reptile/substrate-bedding/cat-36-catid-500013,1,3,Home  /  Reptile  /  Supplies  /  Substrate & Bedding
http://www.petsmart.com/small-pet/live-small-pets/cat-36-catid-600010,1,1,Home  /  Small Pet  /  Featured Shops  /  Live Small Pets
http://www.petsmart.com/small-pet/food/cat-36-catid-600005,1,4,Home  /  Small Pet  /  Food & Care  /  Food
http://www.petsmart.com/small-pet/food-water-accessories/cat-36-catid-600006,1,2,Home  /  Small Pet  /  Food & Care  /  Food & Water  Accessories
http://www.petsmart.com/small-pet/grooming/cat-36-catid-600007,1,1,Home  /  Small Pet  /  Food & Care  /  Grooming
http://www.petsmart.com/small-pet/hay/cat-36-catid-600030,1,1,Home  /  Small Pet  /  Food & Care  /  Hay
http://www.petsmart.com/small-pet/health-wellness/cat-36-catid-600008,1,1,Home  /  Small Pet  /  Food & Care  /  Health & Wellness
http://www.petsmart.com/small-pet/treats/cat-36-catid-600009,1,4,Home  /  Small Pet  /  Food & Care  /  Treats
http://www.petsmart.com/small-pet/bedding/cat-36-catid-600027,1,2,Home  /  Small Pet  /  Supplies  /  Bedding & Litter  /  Bedding
http://www.petsmart.com/small-pet/litter/cat-36-catid-600026,1,1,Home  /  Small Pet  /  Supplies  /  Bedding & Litter  /  Litter
http://www.petsmart.com/small-pet/litter-pans/cat-36-catid-600100,1,1,Home  /  Small Pet  /  Supplies  /  Bedding & Litter  /  Litter Pans
http://www.petsmart.com/small-pet/cages/cat-36-catid-600022,1,4,"Home  /  Small Pet  /  Supplies  /  Cages, Habitats & Hutches  /  Cages"
http://www.petsmart.com/small-pet/habitat-expansions/cat-36-catid-600025,1,1,"Home  /  Small Pet  /  Supplies  /  Cages, Habitats & Hutches  /  Habitat Expansions"
http://www.petsmart.com/small-pet/hutches/cat-36-catid-600023,1,2,"Home  /  Small Pet  /  Supplies  /  Cages, Habitats & Hutches  /  Hutches"
http://www.petsmart.com/small-pet/playpens/cat-36-catid-600024,1,1,"Home  /  Small Pet  /  Supplies  /  Cages, Habitats & Hutches  /  Playpens"
http://www.petsmart.com/small-pet/brushes-scrubbers/cat-36-catid-600018,1,1,Home  /  Small Pet  /  Supplies  /  Cleaning & Odor Removers  /  Brushes & Scrubbers
http://www.petsmart.com/small-pet/deodorizers/cat-36-catid-600019,1,1,Home  /  Small Pet  /  Supplies  /  Cleaning & Odor Removers  /  Deodorizers
http://www.petsmart.com/small-pet/sanitizers/cat-36-catid-600021,1,1,Home  /  Small Pet  /  Supplies  /  Cleaning & Odor Removers  /  Sanitizers
http://www.petsmart.com/small-pet/stain-odor-removers/cat-36-catid-600020,1,1,Home  /  Small Pet  /  Supplies  /  Cleaning & Odor Removers  /  Stain & Odor Removers
http://www.petsmart.com/small-pet/costumes/cat-36-catid-600101,1,1,Home  /  Small Pet  /  Supplies  /  Costumes
http://www.petsmart.com/small-pet/harnesses/cat-36-catid-600028,1,1,Home  /  Small Pet  /  Supplies  /  Harnesses & Travel Carriers  /  Harnesses
http://www.petsmart.com/small-pet/travel-carriers/cat-36-catid-600029,1,1,Home  /  Small Pet  /  Supplies  /  Harnesses & Travel Carriers  /  Travel Carriers
http://www.petsmart.com/small-pet/toys-habitat-accessories/cat-36-catid-600014,1,6,Home  /  Small Pet  /  Supplies  /  Toys & Habitat Accessories
